image_id,x1,y1,x2,y2
'6e831b2533328828.jpg',136,99,635,682
'c120c4f86b86e56b.jpg',385,131,626,432
'd9cee15f3f2b7953.jpg',401,235,566,644
'411def78dc4b5958.jpg',379,81,519,261
'c8aa50aec3bcc29f.jpg',314,200,461,561
'03fe1cda88f76e1b.jpg',301,41,421,247
'2bd28f161ef292a0.jpg',442,160,631,453
'cb72939d30abf610.jpg',457,156,772,561
'b41172973f83fba8.jpg',416,141,585,389
'fa7ef0c3bffad540.jpg',366,166,537,469
'a321f82547af4236.jpg',349,56,536,262
'803a4641377648ec.jpg',343,188,485,574
'c97a75e20befc576.jpg',194,200,304,577
'e8d8bc6fcd7db75e.jpg',626,102,771,312
'23945caa77dd9cdd.jpg',292,114,459,494
'698c6866c86bba33.jpg',289,147,462,419
'8a4c26b8a333d1f3.jpg',171,183,317,623
'5e9718124ce43576.jpg',402,107,532,305
'fe5d852bdae11858.jpg',280,203,456,683
'a8a8474b908ef5a4.jpg',163,151,275,528
'7fe2fbd201d8f301.jpg',328,146,524,432
'82bedc4e5366da6d.jpg',227,213,356,635
'e12746592daceb6b.jpg',252,222,354,606
'46b5e8ba3e3f1674.jpg',593,114,767,355
'2633905fdf43e90e.jpg',594,107,882,509
'845acdb0c7de3b0f.jpg',286,73,445,240
'224db15b804b1cc0.jpg',512,200,665,561
'b70e32ae8cc386de.jpg',427,181,634,577
'0de493e8620d5dee.jpg',391,75,591,358
'c45bb2f3d2ce33ef.jpg',427,113,724,460
'0b64e5f8e54fcb6a.jpg',276,152,470,510
'0369ba5f1ca089fd.jpg',331,174,446,532
'd128090acdfdb81a.jpg',267,61,365,274
'7ee86b19b3b5cf0d.jpg',211,78,492,456
'7e0f88cb5923b5aa.jpg',341,147,599,657
'e644622bdafc6970.jpg',445,237,648,630
'ba86c13bc5f29da0.jpg',515,181,755,530
'b4d67ba75eb948de.jpg',235,222,361,646
'b033ac258246ada0.jpg',369,75,600,411
'6b6f73576d546cff.jpg',405,106,579,334
'086e52440e08f448.jpg',430,175,797,645
'd47946cc248f34fe.jpg',528,133,698,387
'78a69e0389b575d3.jpg',255,41,359,228
'6ec24da0417c5e8f.jpg',374,188,547,515
'e8e4400a87d5b128.jpg',376,153,545,427
'5b097242df1cbad6.jpg',229,90,528,621
'08eb2407d7c88b7a.jpg',497,119,752,416
'73fc3c1c3fab3056.jpg',342,137,521,402
'eb25280411dd5f82.jpg',370,158,537,435
'c9ba71f6d0ba0496.jpg',283,174,420,548
'411c563428866ef6.jpg',178,62,793,567
'135839876b327579.jpg',551,129,716,375
'997b85d793a24da3.jpg',585,310,721,772
'328f36b3efc0b0c5.jpg',251,131,507,646
'769bafd4c32f8757.jpg',268,119,599,476
'34d1ccf191955c7d.jpg',302,172,416,503
'eb4583fc059aeebc.jpg',418,124,665,423
'fb99336a7c4b8a75.jpg',316,166,438,525
'cfbac2a67f7e114a.jpg',392,116,561,348
'cd31422ba729a5ce.jpg',439,133,553,434
'41cf4b6ce9059577.jpg',363,155,523,437
'83facc2c1d0e798b.jpg',212,72,387,434
'67dcf9e201d8992c.jpg',134,70,567,799
'0361982104d8758a.jpg',187,159,306,509
'ccd801dbc470b7d6.jpg',213,126,393,385
'80d3843275f76918.jpg',290,93,513,523
'c34b93c57db9f3ce.jpg',402,147,587,425
'81debde554f818f7.jpg',395,129,514,351
'e45be2620362aa58.jpg',334,44,623,352
'7bbbee1492088981.jpg',341,135,526,401
'eefa8319542f1d3c.jpg',466,107,670,358
'83675e0f2d5e2e1c.jpg',355,111,523,341
'0336f9e8980b56cb.jpg',309,56,605,315
'67fa86f3a17b3ac3.jpg',410,97,618,360
'06e7adfa2a4e1424.jpg',452,127,654,413
'2e3ffc9a5c09f711.jpg',356,123,545,395
'abcd8ef3c84e68ba.jpg',219,88,464,526
'1a2cebdb5a1f11fd.jpg',270,48,564,424
'5dc8dad608a338ee.jpg',269,125,613,620
'f4523ddfffb3a524.jpg',430,309,616,819
'6e87534e27bf146e.jpg',283,212,395,581
'15e95964614a1499.jpg',423,148,601,436
'6246b3ec6a674f94.jpg',235,42,486,270
'570c37f92c7e34b6.jpg',233,94,533,637
'392f54fc6d3a4294.jpg',267,92,500,505
'8288561fc04eba65.jpg',408,137,563,369
'a163dbaf4f5fbf0b.jpg',296,55,439,313
'53131fa064f6fca6.jpg',313,104,455,437
'2eb73c9776f177c4.jpg',277,117,660,513
'd5012e0722d541d0.jpg',259,106,772,775
'39f16591c457aec1.jpg',438,162,718,618
'1003e4c98b30d38b.jpg',307,309,491,885
'5bc1d3f16c077a39.jpg',178,111,458,675
'4302aba47cfe2674.jpg',391,136,591,413
'82f5f5613846a0e1.jpg',277,98,653,466
'4d57b490b958eb47.jpg',246,121,384,461
'4e51cd8733232363.jpg',365,104,630,603
'0c45ac46bd15ec17.jpg',383,66,540,344
'2229a1741a8ecec5.jpg',278,107,772,574
'14c5532170d056ea.jpg',319,199,534,736
'658376c5d57baf80.jpg',304,183,435,573
'39e3b21ca47af089.jpg',453,127,609,379
'691f8b095d0d1af6.jpg',458,56,689,268
'ad763496227770b7.jpg',352,207,534,699
'19220ef50c0f199c.jpg',277,62,445,352
'47e7892f4ede4a0c.jpg',338,76,508,371
'4876f41814f2d47e.jpg',540,74,763,366
'fe9cf3df6ed93800.jpg',443,167,597,455
'fcb632a3c486ca51.jpg',477,67,765,332
'cf069245889280e7.jpg',231,133,467,441
'57ae3a3d6a8a2174.jpg',433,128,593,381
'9aa95d28ad12cc2e.jpg',294,124,590,590
'd5a3955372e1d75a.jpg',394,89,648,358
'8c0441779f3811e2.jpg',493,76,782,385
'066270658e88aa98.jpg',282,152,401,451
'c95bf771b59e2c51.jpg',403,152,551,408
'c871b54e2db93cf0.jpg',206,239,402,802
'e34cc250a163dd2d.jpg',335,182,497,536
'c3e32786ba4f304e.jpg',259,62,408,191
'1145d1260aeb252c.jpg',335,136,465,458
'ce07fb05eaf5d5a1.jpg',361,57,596,279
'bf30202d749d8757.jpg',381,136,693,495
'6cc88786dd6ca2cf.jpg',272,226,568,880
'8d73eb56f6e9efce.jpg',327,137,528,443
'07842d3326fb5345.jpg',160,76,343,441
'ac0b7983e5d1c072.jpg',253,160,373,497
'368b4f96d6026d16.jpg',361,148,523,412
'356246311576d074.jpg',115,79,398,393
'0243459de7a4b0ce.jpg',311,88,454,382
'ce1c5a4bf8d61a88.jpg',244,104,553,676
'cb49c59905461501.jpg',389,201,694,623
'd923ebc9eedd37b1.jpg',414,135,597,464
'1b5800cddbfdf4f6.jpg',406,108,612,338
'8ec3aa5cae0009ab.jpg',220,37,404,326
'b837693ee1954658.jpg',148,63,737,560
'33dbe9cf8c1c8dd8.jpg',358,161,536,449
'b43f17a980479e22.jpg',179,102,423,621
'34d0eb873241fea3.jpg',394,121,522,343
'275c10ede6ae646b.jpg',259,45,541,299
'1d5a539d48254e2e.jpg',265,27,733,336
'57bc6c5a960a9b24.jpg',348,69,485,337
'3ce3a9baaa8a571a.jpg',467,64,733,330
'22227a8082c115e2.jpg',235,76,379,376
'12eff019562a4ab1.jpg',439,55,635,246
'd45cd4f2745bab62.jpg',310,113,594,427
'ed282ba417a3a19a.jpg',512,102,702,357
'8b0ec6bf6d774807.jpg',387,101,767,505
'f0ddb5c6aa1f063e.jpg',399,131,766,554
'0a1f6ed36f1bd8bf.jpg',190,194,298,564
'a43d5fdfb8d56e84.jpg',262,86,692,621
'd201767027ace777.jpg',304,83,622,357
'378a925c3687d43a.jpg',366,332,566,957
'7e6eda98b9746f5e.jpg',286,56,421,307
'd27ffa1b9fc3478e.jpg',545,110,691,327
'500f04c3d37e99d9.jpg',268,43,691,433
'67cb7ccf8d5d2033.jpg',309,114,703,547
'3a4aa6f2e2d333cc.jpg',628,149,850,454
'71c19e5237a37d81.jpg',107,69,513,715
'3697b6afa40b6447.jpg',81,90,446,490
'd9e021422df2df71.jpg',175,125,571,546
'a8abfd96943e5e33.jpg',373,156,559,461
'96cb996f60c3e078.jpg',349,125,708,508
'f17b3a75763463de.jpg',542,41,745,212
'a164b3a0d88f28a0.jpg',271,124,411,470
'06d916b9a20fd91f.jpg',265,70,438,432
'55551789c6b38cda.jpg',259,115,408,336
'6b9533a1366dfd46.jpg',367,150,543,440
'7b74a5c18c623342.jpg',504,129,641,355
'c6e7e17236e1780a.jpg',333,196,694,783
'b204d07564c539c5.jpg',285,208,408,576
'c93cfaba226520c6.jpg',299,202,467,636
'd8e9d18780cfe91d.jpg',366,121,532,339
'301c6509a70192a7.jpg',415,69,623,286
'9652bb36e45cf842.jpg',163,183,295,620
'e25f6c06be54db70.jpg',140,81,485,704
'6a21933080dbb320.jpg',499,153,678,430
'd123befeabd1919d.jpg',372,96,621,366
'67ec4e945b7356d3.jpg',344,89,471,371
'37500ca0b23f7202.jpg',392,89,528,274
'df30b312e8711414.jpg',601,109,789,372
'5b6d5e6ba3a00aef.jpg',420,172,613,481
'6d494c08633adbe0.jpg',83,121,350,642
'04bb072f2b1535bc.jpg',674,88,881,329
'92800e9fbabb2cc2.jpg',298,223,420,612
'888e8bc8a1392199.jpg',497,150,667,433
'0b1659869d490dcd.jpg',226,75,471,510
'8f35030516196060.jpg',281,108,583,460
'49a280ba0b979db7.jpg',572,104,767,350
'40b4761f99361196.jpg',295,238,415,644
'6e560553ffe50c67.jpg',270,110,473,436
'24e5854404135b28.jpg',383,129,547,374
'355b8b21524e61c6.jpg',463,67,660,276
'c8fb9bec832d8f31.jpg',179,23,444,374
'8c16abc50ee09c79.jpg',186,72,536,655
'087e3f0e5d568c52.jpg',259,81,612,664
'78f4adf4fdeaac5c.jpg',303,240,459,688
'7a14df758dc9df98.jpg',251,303,387,850
'3034075af0dc56b3.jpg',210,117,472,607
'1b7d57e3b8dff48c.jpg',281,59,506,298
'fbbd59c584d98843.jpg',249,80,531,570
'c09d0dd7b1f4e741.jpg',379,128,585,401
'2f1840edd3bb3e2e.jpg',374,74,514,336
'75cadb9e398b9858.jpg',409,210,537,575
'2e4ad7587b99f6ce.jpg',271,138,483,450
'c3d0169e8aa32bed.jpg',544,193,778,552
'82f9499552d69d57.jpg',505,148,661,418
'e5557625a95fea5b.jpg',458,59,675,270
'f1042ec9af7a7d3d.jpg',351,98,512,448
'c9cb6e59507512e9.jpg',537,170,716,480
'33f60f2d2471d61e.jpg',351,141,523,404
'24ca2814de6cded6.jpg',355,87,535,349
'020517b9eff94e00.jpg',410,54,589,235
'a95a436918d66bf9.jpg',437,172,640,467
'fbc0f2d9b4aad2b9.jpg',261,122,478,389
'f807e10d7d287476.jpg',267,118,493,420
'a07e27985c9a3402.jpg',325,131,537,432
'7fc920bc4bfacf4e.jpg',297,191,635,749
'8d83e37917d9648e.jpg',206,78,399,450
'6f740975984e496e.jpg',480,116,641,346
'8b767e6958ed3902.jpg',361,161,532,459
'6a719d1a7298767e.jpg',279,175,393,472
'5ede4a4308ada54e.jpg',231,194,337,570
'c033bf5dae297124.jpg',178,80,387,516
'6147b8bd9ea7e30b.jpg',438,113,612,311
'f9b4e3c933318d33.jpg',501,128,724,433
'6adbf02edcedc241.jpg',586,97,826,367
'b7ec256c8677d2ca.jpg',378,102,571,339
'88794c60b542dc9c.jpg',265,77,689,582
'c737a6e1a91c9509.jpg',184,61,515,588
'79f6084e76d97675.jpg',333,80,486,383
'686724a1820789e8.jpg',242,53,427,367
'f9f384dd4df580cb.jpg',402,164,574,464
'30380dc8cc31ce56.jpg',383,157,544,427
'fa6a2011d894308d.jpg',371,153,714,553
'80150fa97a7baeb7.jpg',316,124,448,350
'521dee68c19152fe.jpg',399,131,574,384
'd9791dd278d2c80f.jpg',404,91,591,314
'9a46b56ef36f8330.jpg',277,96,494,494
'c8d4a74c7ac72378.jpg',418,115,665,403
'de1c7e0b2ede91b6.jpg',217,58,703,461
'9e749e9496aa694a.jpg',384,149,602,472
'97390f46d1445f4f.jpg',329,88,497,356
'c26ef61d9fbf5bcf.jpg',379,156,530,420
'0f54110a2772b609.jpg',391,250,486,647
'0499af873e64f06d.jpg',338,46,731,372
'76b7cb3a03985f26.jpg',496,133,848,515
'40c493ce7bfb547d.jpg',246,58,471,432
'a03c25fe1e88a821.jpg',410,240,620,773
'1b0163bec3ed0a91.jpg',412,134,580,385
'84c757018c5368c1.jpg',258,146,421,519
'ae6a9dbe7d1da1dc.jpg',387,118,587,377
'11dfdab5cea24bb0.jpg',219,60,459,462
'fb30e2799ae962bb.jpg',148,80,555,740
'c0e1477e756f2622.jpg',217,129,436,571
'8526181b65472a2e.jpg',637,158,785,420
'09e473c0d9bf71e7.jpg',365,98,634,387
'd914b75debf0aa76.jpg',402,131,585,391
'4ea50500b0736424.jpg',362,195,473,545
'ca355c152e63cfd4.jpg',336,168,591,637
'226d2e6d34d5f90f.jpg',280,100,466,462
'2dcaac5d24208129.jpg',485,212,704,599
'377799edb154f080.jpg',350,114,575,371
'71c85a0ee6037f4d.jpg',138,160,516,947
'a51d1ade507e2d73.jpg',503,76,763,347
'e4ef1fea954af4fd.jpg',388,113,543,335
'52be3d1776a90bdf.jpg',361,113,744,499
'023e111345bab1c0.jpg',437,160,737,559
'424cb3256cced60a.jpg',292,53,473,285
'84fd2311b5c2da5a.jpg',276,163,508,577
'd045ad3636ca57e5.jpg',326,74,482,274
'e46970e14af979e0.jpg',250,138,463,432
'9fac74937dfdf802.jpg',408,132,645,451
'2f44bf0805bf06f6.jpg',450,149,650,438
'56916ca29f6879b6.jpg',292,140,452,402
'23b77a03893c1470.jpg',271,88,669,464
'695680427c157230.jpg',165,74,701,801
'f2f4ae3fd2eb57d5.jpg',291,77,412,328
'd7602f65ecdc4968.jpg',458,112,651,378
'c6e410a222173530.jpg',289,213,459,666
'aa09c2cf3c6ce26c.jpg',320,50,482,259
'00d5b7d68d52ac56.jpg',362,98,611,529
'5eecb24554998541.jpg',425,119,704,432
'c313626aecc0bcd0.jpg',403,140,736,518
'd5268a4bcaaa11a4.jpg',351,153,683,545
'758e0c8beac67932.jpg',269,149,484,602
'8b8ba64479cf97f3.jpg',134,95,269,401
'562c8427c2442630.jpg',369,31,569,177
'e207047f67ab2e82.jpg',593,158,836,486
'4aa2cf0f0400d1f9.jpg',256,266,497,800
'137e937a6b6f547f.jpg',361,87,735,437
'b96fcdcb30a4306c.jpg',286,214,405,595
'd292e95c1af6c823.jpg',378,146,522,405
'47e62ef552fb49c1.jpg',308,124,459,369
'd24e6ea867154ea0.jpg',108,45,584,748
'30a700c8dcb2666f.jpg',422,122,569,347
'053c0837aec2eed9.jpg',361,144,518,399
'010ee894cfeb8e2d.jpg',420,120,648,400
'4dfe111d0388e451.jpg',306,178,500,654
'd452754e5fd8ec47.jpg',251,171,364,536
'090aa8acb7def106.jpg',225,160,317,464
'4702c180ffa7d7d9.jpg',418,118,779,523
'75749ed7726439d1.jpg',349,127,518,381
'db26db9afa0233ea.jpg',343,63,478,223
'5e087145744f4602.jpg',402,143,629,447
'96ad0a3cb821ab0b.jpg',178,54,305,294
'be752d653a638396.jpg',203,191,403,708
'0081d67c4cfc9134.jpg',520,81,666,269
'128aa78173186353.jpg',236,131,374,479
'a3bc8380fb1ea609.jpg',224,45,855,508
'2c56c1a6d968edf6.jpg',534,53,754,253
'ba7621a9cf596d93.jpg',350,55,576,386
'f35cdd22705bea07.jpg',348,274,527,825
'490b6c7ed6810995.jpg',386,170,717,694
'11dcca32be84ee7a.jpg',469,107,617,318
'230000e1c3a0acab.jpg',233,134,499,646
'c787a2c61ff2cb98.jpg',428,145,574,404
'b75d855c60543036.jpg',470,143,677,448
'731c9070aa02912c.jpg',381,123,534,352
'8569fc8014e90ca9.jpg',410,190,571,508
'a87af63bfc025a44.jpg',258,104,618,709
'ff123520483fae54.jpg',511,111,810,535
'd1c9e227ba851d91.jpg',215,137,488,664
'f5b458ee7280e2cb.jpg',231,94,564,497
'457d4714b9b3faae.jpg',229,74,433,311
'9e384990415896ba.jpg',222,84,640,509
'b209ecd25724782c.jpg',375,72,524,359
'5401ba7be2164fba.jpg',334,223,755,903
'dddf0e7bc37eb13d.jpg',192,88,416,523
'9c01209e64099dac.jpg',266,172,385,519
'f7f51c5f4f6c4456.jpg',470,111,653,416
'bf9ff6cdba8d69c0.jpg',546,81,777,329
'669b13804db1871d.jpg',253,147,441,432
'da671e5778198513.jpg',387,167,497,513
'efcb051384e3ee7c.jpg',389,258,509,671
'8216a8e22b697d08.jpg',416,167,567,453
'07fd752228bcac18.jpg',235,100,620,727
'df2ee1d4f6709cf2.jpg',260,59,367,278
'1a5e7eedc3d7d693.jpg',376,160,584,487
'1ecaeb1cb17b9329.jpg',167,178,622,989
'79771cdf31a28d2d.jpg',326,181,468,495
'c438f033e8026d0d.jpg',328,191,499,564
'02d74d7e6e3bf01b.jpg',381,135,568,405
'd3a1c34a3e876968.jpg',380,174,532,470
'852ace9249cf5f3e.jpg',541,125,688,356
'06f3dcc17229efa6.jpg',171,125,422,437
'4af59feb9e0cf2c9.jpg',236,80,316,327
'210915473f40c687.jpg',417,103,644,365
'4d8b3cc81caa6a79.jpg',547,104,711,338
'9fbd147693179699.jpg',377,153,545,425
'7af7a700c75f7f19.jpg',397,79,549,282
'086b00949910e8a3.jpg',351,152,716,569
'e2cd7792ea1c58ae.jpg',350,151,521,424
'5de101b8740de57f.jpg',631,166,784,440
'a6f6cf45c727cca0.jpg',365,86,873,533
'e2a6092ea3ef2082.jpg',444,181,609,492
'5f9034ee94a17dcc.jpg',401,148,609,460
'ba859875f9c2aeef.jpg',300,168,451,549
'2b2aa1d14742ffea.jpg',416,74,590,273
'676ca96a18d9afc1.jpg',226,103,442,529
'7f7fb12765b20871.jpg',319,95,487,457
'764c73671ab04b27.jpg',175,59,499,580
'f7f3c009f803176d.jpg',390,127,567,377
'4083a2742e706e20.jpg',261,111,371,399
'21d4170bed981be1.jpg',361,85,587,466
'81fff836ee53162e.jpg',542,225,741,603
'7a61ffca33f26b30.jpg',431,145,586,419
'32cd6d9a2e9d0feb.jpg',268,208,383,599
'cb4aed291eb10cc4.jpg',214,98,458,541
'8fce59bc72a72a17.jpg',456,164,686,491
'cbb3fd639990d2c6.jpg',430,196,603,516
'34d9195cf7c9a86a.jpg',412,224,713,693
'e904add4dbcaa7e9.jpg',354,240,546,749
'6fdffd92fd89e53a.jpg',403,129,722,450
'cb943491dd85682b.jpg',274,208,386,574
'29a8091e2078fb74.jpg',322,225,558,810
'bda065be70d30ffe.jpg',362,190,496,522
'acd4ff13687123c0.jpg',310,37,483,234
'bf62de8c52987ca5.jpg',232,72,468,458
'9ebc992872237a44.jpg',361,75,602,320
'2e4321b09ff5a3a5.jpg',317,102,692,474
'0be6b78bb96d4c49.jpg',179,42,375,400
'75a600d832ed360b.jpg',368,128,558,370
'dbc12f3f1482c7d7.jpg',314,87,446,365
'd1ae68006eb47059.jpg',292,227,420,629
'0376e7c0565b8a67.jpg',417,196,611,546
'3abb97505eb92093.jpg',304,155,417,490
'a83a25e9cef2a5e0.jpg',492,181,674,505
'43cc681a679485f3.jpg',494,49,734,271
'30e92fed4b1d1d5d.jpg',286,95,385,354
'2cff7385702a0d9e.jpg',312,179,505,629
'594e161c99e7dd8c.jpg',340,137,494,382
'd656dfdb01470647.jpg',434,64,614,258
'b8fcc239a79276aa.jpg',269,92,430,299
'47d55e6dac57d5a1.jpg',307,63,464,351
'aa6a328230bd64e4.jpg',365,293,537,829
'ac13016ac915b3ad.jpg',418,63,619,271
'143e8e7ca370e6e0.jpg',245,74,388,350
'efc562d95308b85c.jpg',251,197,422,667
'3bd4fb5799523956.jpg',287,94,446,313
'd9601d05db0a1fbb.jpg',143,139,520,899
'b9af7cf8c7291486.jpg',342,119,515,361
'be01d9d9ba879dcc.jpg',444,151,649,444
'6b4dded556d61d9a.jpg',345,168,503,475
'e512297b7273ff8c.jpg',206,107,420,519
'0596a69ff928037c.jpg',368,64,534,263
'f059711932d0e44b.jpg',512,151,755,472
'd64ee3a7c6a87458.jpg',263,76,461,446
'e159e82194739b8f.jpg',406,152,528,479
'45a037d9dd47b6ad.jpg',257,196,362,557
'57a0934ce1535f69.jpg',661,195,938,685
'b528cbe216f78be1.jpg',454,103,631,331
'4508ca503fec793a.jpg',191,106,491,715
'2a1a67c759eeeb36.jpg',200,55,794,544
'be47419e5f1cdfb2.jpg',542,163,699,434
'f27667bb50a53f1f.jpg',415,101,606,336
'cad4b1759fc9f7ee.jpg',205,104,414,540
'049a3c6f883fa3d5.jpg',405,53,697,320
'4aa1fb8a78d7049b.jpg',242,181,356,543
'0ea4ebe9b162f364.jpg',359,153,517,418
'259916bc8fd50436.jpg',235,161,332,478
'567fe93fe2c7ffd2.jpg',159,225,366,794
'409f8c90cfae84b5.jpg',480,155,665,454
'39b92dbcaa0fbdf4.jpg',367,125,582,419
'89b42b2cccd4e8a0.jpg',475,137,730,476
'dc9a85445002d151.jpg',210,62,372,364
'4993a2d870209aee.jpg',303,69,643,379
'79736fa72b4da1e8.jpg',284,210,510,664
'6db4c14cc8f62689.jpg',354,232,526,704
'61995a3c886ff54f.jpg',296,111,642,501
'35ad9ea608ed628d.jpg',219,94,567,709
'649753d4644492be.jpg',267,230,370,621
'25c3adb9d91d6cef.jpg',391,212,563,644
'66865a3864673a1e.jpg',416,86,646,334
'de776fdfae3fc1f5.jpg',289,208,401,592
'5b8b3433186a5d0b.jpg',333,69,741,447
'3c9187f4bb6aec93.jpg',325,199,474,633
'86f951ad82d48780.jpg',287,119,433,354
'626b15fb8d518690.jpg',370,67,575,297
'7975a590d604e066.jpg',293,58,698,392
'00824274fbef9c93.jpg',300,85,430,376
'83343a3c6cf13ec2.jpg',352,73,609,328
'48ee9f00ef5177e8.jpg',271,138,425,431
'3482cebe2812ac6a.jpg',240,243,366,690
'318fcb87829119f7.jpg',204,84,287,347
'44b64cb91da3b7ae.jpg',375,105,526,356
'51071ce0bbcc45d6.jpg',287,74,667,420
'8711e0d2b45eacd2.jpg',355,115,819,680
'a79d9012f446edc7.jpg',283,48,514,256
'd9872054eb7fb6fc.jpg',470,163,647,464
'ddad90120952f6c2.jpg',354,147,511,407
'37c6dda470cc558e.jpg',405,124,582,362
'ad21cb0235eb6c48.jpg',405,104,545,306
'64ba79588e4cc1f4.jpg',462,149,717,499
'a9b3802740951d3c.jpg',360,104,521,321
'545fbb27b677fd08.jpg',467,149,628,471
'85a8d28c69199d2e.jpg',354,190,469,564
'22b79d12683e3984.jpg',385,240,546,652
'0771d1210094397f.jpg',350,157,566,486
'68642b8e2f5c6cba.jpg',451,120,595,355
'314c5aeebfade3b5.jpg',327,88,480,283
'de8e22a4a5348b26.jpg',521,70,657,225
'a79c083b6222654e.jpg',290,192,412,520
'7ee9a98dae617468.jpg',311,81,693,467
'86a5121058c5a2c0.jpg',147,58,321,348
'212e12cfed91a76b.jpg',347,72,562,315
'1fc4d26360bc5d5d.jpg',353,86,464,348
'f5eb9410028fd127.jpg',443,75,643,293
'42e8c968cb413e7c.jpg',411,106,785,508
'7ee0d83284c3fb5d.jpg',447,201,677,586
'80e29dab9599af8b.jpg',238,199,331,546
'e04c136fcdfb292e.jpg',395,104,641,380
'4b10407e0e401430.jpg',239,67,542,512
'd8272f1c27e53f33.jpg',213,85,426,486
'c6ed9034b2b8c8fb.jpg',384,147,544,419
'0f61259829e4cef4.jpg',258,220,376,627
'abf115aebf897477.jpg',242,181,429,616
'42447d0f746e4d7f.jpg',257,51,429,320
'880eb355c4b8e5ae.jpg',354,169,521,472
'86b70a9d06bb6d80.jpg',276,42,406,212
'5203cc6c2c19e0d9.jpg',234,121,388,468
'8edcabb8e0c1ac60.jpg',612,67,777,256
'7fa6a0cdc4e406bc.jpg',270,214,401,616
'ba0eb80192df715f.jpg',535,54,740,258
'0656bcefcc6843fa.jpg',153,47,530,536
'35f85d3d63aa0bce.jpg',372,157,530,436
'732f6ece644db9f9.jpg',304,80,471,411
'1e09846987a65f66.jpg',578,141,739,396
'0b2f1de705802d0e.jpg',221,214,300,582
'e284725ef2fbaca3.jpg',473,186,766,681
'ec43eae8b9f9cace.jpg',415,100,643,369
'30d34bb9db2ccaab.jpg',361,42,591,240
'fbd4827c63326b36.jpg',365,170,500,530
'5bb0479775c1bfc7.jpg',339,48,491,217
'ea9b73826fd24c3d.jpg',197,34,284,217
'a9498e7218175cd8.jpg',426,104,575,442
'85d30a14571d16c8.jpg',412,78,601,290
'beffa231d0f9e249.jpg',196,36,413,218
'896dc8a732d4b597.jpg',382,134,636,450
'c95f550dfdce3030.jpg',385,87,856,633
'bf1260e196f3a228.jpg',174,134,378,438
'27dfeb895385edea.jpg',189,91,429,575
'63d91b31d8eab428.jpg',390,75,659,365
'd76b43a8dcf752b9.jpg',260,225,420,680
'298ad230e4895aea.jpg',572,178,744,475
'8f434605d26ec3dc.jpg',385,180,569,521
'8b4beaa5a94ae570.jpg',326,156,533,520
'eb51c8593cef38e8.jpg',241,216,386,607
'75bbec72a292bb49.jpg',218,156,366,545
'64ae998597ce6fc2.jpg',468,64,662,270
'32485c304fd55ab5.jpg',449,118,603,462
'013543040c660f1e.jpg',228,73,743,520
'69291653d8ca3980.jpg',622,112,801,366
'96b7edc2b932be28.jpg',312,235,456,673
'9b2020b0107ecf17.jpg',353,143,544,591
'24a9da185542b0f4.jpg',278,81,390,344
'431f582b869693b2.jpg',670,144,900,451
'bd12249e33270079.jpg',314,101,471,427
'a13887d0aebfc0a0.jpg',206,136,322,436
'4c18a632f911ffd1.jpg',334,79,823,537
'a2200ae0d42be08d.jpg',624,112,827,447
'84a75ddb06068bf9.jpg',295,68,544,488
'af255fdbf44c81de.jpg',348,154,546,451
'bdcd2aa73e704c72.jpg',275,51,455,353
'7f3f63df3c6b7642.jpg',346,121,502,353
'bf81d1fa8b921aa6.jpg',371,175,489,518
'2a7ee55be7bb25ef.jpg',404,83,706,378
'bcdcbd427530999c.jpg',226,195,393,658
'78663186c490d885.jpg',220,55,504,465
'6b8a1e954a7c42d1.jpg',418,168,586,570
'6cc79e1b14e8999c.jpg',341,63,745,425
'3ad7c4590661071c.jpg',392,311,552,876
'6cdf9ae5a8f9dc54.jpg',475,171,742,532
'dbd0edb2fc619e72.jpg',310,220,417,641
'6a36e18fb97cb026.jpg',311,60,714,418
'29c504b55c047d6c.jpg',259,193,378,575
'61200b36d67e0c4c.jpg',364,41,501,213
'4ba802cee731aa4a.jpg',262,59,471,283
'57d10dfec1477a4e.jpg',178,42,820,518
'8555fab020c08817.jpg',379,195,594,567
'8af48ebf180718ed.jpg',304,93,467,283
'cc4c3936a35a8b22.jpg',422,95,608,321
'be6c73f366f3c398.jpg',134,105,393,586
'3ad9921510a143a3.jpg',229,32,442,345
'cd847ac50cd0e07a.jpg',378,110,637,402
'41770a4a36860592.jpg',369,105,569,349
'540b32cfe72d2230.jpg',149,170,475,839
'402a0e5197e55e71.jpg',393,200,694,722
'ed6245fde1390ba5.jpg',233,248,349,683
'c8cb68250efab6e1.jpg',324,59,587,302
'825fec57161ca26a.jpg',322,123,762,565
'52b1e6bc5480cf6e.jpg',266,150,563,622
'5f2841818b7faef8.jpg',462,141,639,409
'409935e7c73a6d59.jpg',357,156,530,429
'8b2ec75c9622f660.jpg',378,167,528,452
'd73abf5bdc9957bb.jpg',139,44,595,738
'a7f057cac8321cd5.jpg',440,88,680,381
'6586cb8151ab51cd.jpg',356,81,679,461
'727b030a2e4c01de.jpg',252,57,444,386
'140f2352dd04fc55.jpg',232,93,576,618
'1b91bbfc1a4b74ef.jpg',272,134,469,544
'0e98e2ab07db2620.jpg',203,128,496,675
'ab5bfff8adf6be99.jpg',439,176,634,489
'49bbaf4585ac8f50.jpg',549,109,786,388
'818528c0e8e8700b.jpg',336,131,822,641
'8aeddd05202986d1.jpg',629,105,894,399
'8f6cfa2ed4ed4b94.jpg',500,144,793,507
'c1bbe275d854c8ee.jpg',330,93,726,470
'9c20d7be40d35397.jpg',483,157,689,457
'03fbe696bd10043e.jpg',531,166,772,500
'47a8b004e1760a35.jpg',400,125,723,507
'b16c563385b7af67.jpg',574,78,758,292
'47e3995d0a41b7bb.jpg',494,153,820,535
'9f3eb1dfeda1bfa5.jpg',518,175,832,600
'1ae9cfd4bfd23256.jpg',183,60,328,320
'04b5f10976b47b46.jpg',444,63,599,253
'3d168cb6d4dd455f.jpg',401,77,577,210
'999e9b225afc6e92.jpg',149,123,354,627
'5420a8d3d5c7e2b8.jpg',448,176,616,483
'89292bd7387809d0.jpg',438,103,637,346
'85234892c8906aba.jpg',99,47,415,569
'ecd0cd9be27880f7.jpg',412,210,561,575
'0d8418e45be346b6.jpg',285,214,455,613
'71714e85b498a3a2.jpg',239,145,377,492
'8a4238913c2fc105.jpg',344,160,472,500
'a0ca56c1959c6161.jpg',349,175,476,485
'cbc42e1ca302c007.jpg',338,122,464,464
'eae0df3e94c3a7ff.jpg',346,192,573,741
'34d9e8115cfb6d1a.jpg',247,86,559,505
'b533ad58a07957ad.jpg',245,169,368,532
'da9e03129ecf6429.jpg',578,136,715,370
'1993c8ea90103001.jpg',219,176,382,580
'2e096748ea302ac5.jpg',153,90,525,427
'4f0b2c7c7c243efe.jpg',444,41,659,236
'bad66aa05323f595.jpg',430,78,603,280
'354999fbb3a93b90.jpg',120,83,354,545
'e1f4d154f14699ad.jpg',307,143,431,461
'f978895ffdd977b3.jpg',399,214,639,623
'7998ddade1532e92.jpg',336,42,542,329
'fd3202be8d401d34.jpg',436,131,806,524
'6b2d54793df5787d.jpg',565,165,736,448
'277d8071d4462667.jpg',150,135,401,475
'f25ce8e79212bda7.jpg',332,152,427,452
'0d0e77bac63adbab.jpg',278,82,454,428
'0ea6e459fbb37e9c.jpg',283,150,492,453
'5e8ca86099383f14.jpg',353,45,617,386
'288c6e2a01ac19ac.jpg',407,86,747,411
'f2c1a3080ac380f8.jpg',247,30,400,271
'004a688b02428848.jpg',244,295,402,834
'139b54a4124867ef.jpg',479,151,747,490
'3b66514d5a762935.jpg',420,155,798,581
'5a17dade11ec669a.jpg',452,81,744,369
'fe7103f2aa82f0bb.jpg',307,176,455,552
'a2ecf56446c8aaf9.jpg',383,68,583,279
'1f2030379cb83dcc.jpg',322,126,529,401
'0c36d40f22eef5f0.jpg',530,204,679,524
'68552b75d1560449.jpg',208,99,421,354
'0098312a40cabb46.jpg',191,82,437,523
'3f5f8de3937f22e5.jpg',226,144,486,492
'143f08b41f0474b7.jpg',309,163,529,673
'3bcf8fc508ae0887.jpg',361,106,525,311
'ca45ae6fc89c0f9f.jpg',301,202,485,655
'239a663cc7ff31ac.jpg',354,171,528,483
'7865f33e6eeed53c.jpg',284,86,537,438
'921b8d0d72f536fc.jpg',228,127,425,398
'6f50d4bd891e1e5b.jpg',353,113,706,594
'd3b189e9a5dbf4e3.jpg',368,171,557,494
'b0a68b66a91e1663.jpg',228,176,374,586
'3968768f9121a734.jpg',238,107,559,667
'86248049197174ec.jpg',309,82,409,324
'2cacea1169b122b4.jpg',454,106,684,395
'4fcda6332c216095.jpg',411,162,565,445
'baa9ded52017564b.jpg',300,111,492,359
'd9b75d1e711c0ba8.jpg',634,200,872,565
'8c66929617e3e7dd.jpg',485,162,708,500
'e95d2940daeafa34.jpg',171,94,758,886
'5696fb6c0578ac99.jpg',206,120,382,385
'53625ff3a649b942.jpg',471,124,639,366
'254b8a148451e5df.jpg',324,103,624,445
'469722120490450c.jpg',465,198,627,523
'6a53f9d8c7d225e4.jpg',393,173,551,471
'68d433a96fdce3d3.jpg',219,87,429,485
'defb58551aa0f623.jpg',478,155,650,493
'dcd87d4da29e1655.jpg',236,228,375,678
'602bd7f078eeebe9.jpg',348,161,553,485
'bec2ab7c0f784e30.jpg',275,71,601,540
'bae47281823151e9.jpg',145,78,542,765
'6355c37949ef8cb0.jpg',647,97,812,335
'0b3ad3e0b0b3eeca.jpg',411,122,614,405
'b002ae3a5a7a5393.jpg',459,153,604,401
'ccd13bb4e85e6063.jpg',511,103,680,328
'cec5c54942a2810c.jpg',368,53,706,328
'81de1f942144e8e7.jpg',322,141,494,405
'ffd15f4a3369cb88.jpg',346,127,573,415
'cb93ed02579abf7e.jpg',428,89,629,321
'02291ca49df995f6.jpg',332,262,517,819
'ad25a457144113b4.jpg',422,111,688,504
'18226c8767553fb5.jpg',155,86,705,631
'5ba7e76d5b43f56c.jpg',392,131,544,369
'9e3f21080dd21eec.jpg',325,81,626,374
'67b8f42c06038b6d.jpg',376,63,637,310
'ce6585774304d50e.jpg',210,170,524,636
'c2aac00e266c7576.jpg',353,148,516,426
'941d0c93bc11df24.jpg',277,231,504,794
'c462569267faf1f2.jpg',488,83,755,357
'dc43405f369e0253.jpg',376,165,629,532
'4d1f9e44c0e6e585.jpg',404,126,598,368
'a1ce6967390a1828.jpg',368,76,807,458
'bf065b3c3da4ec23.jpg',297,138,554,691
'e1c4e5e377338920.jpg',303,137,424,468
'61206c55be910f85.jpg',655,115,835,363
'1bb8c3b195269530.jpg',283,218,465,733
'ce25a10a8be50e4b.jpg',564,178,708,454
'76215d562e8d0dfc.jpg',295,100,469,476
'2f76a03cba54ec43.jpg',538,85,765,354
'095815e89af247c3.jpg',292,213,410,591
'624d839a762ccb99.jpg',220,49,477,417
'f24cc71ad1717575.jpg',272,70,851,550
'25a7a462b1e51c39.jpg',325,153,495,429
'966354ea93339431.jpg',303,46,710,356
'3cd2e9e9eb74f0ba.jpg',324,201,431,570
'6d694af87bad2d86.jpg',375,114,517,328
'6969d3adcbd0dd02.jpg',286,63,411,311
'7dc753688c56a1c3.jpg',429,49,671,258
'7e2bf66bb32d71ce.jpg',556,66,704,245
'7fc70289a3332266.jpg',410,105,579,327
'12d95c611849b3c7.jpg',425,176,625,494
'6bb6d3279319010a.jpg',311,251,458,711
'23758f10ed7923c2.jpg',430,109,572,318
'02d9ec5d9bf105d3.jpg',312,133,468,377
'99915af607d41d57.jpg',380,85,572,305
'b6d30a865c137e9c.jpg',569,232,771,677
'1a14f22414a2bab1.jpg',524,233,672,620
'84998a81f6512b78.jpg',410,131,557,364
'9264fdb638bbc6c9.jpg',234,114,440,530
'903b3d28c6f3bcf8.jpg',124,44,921,641
'cc709389f8d8643b.jpg',255,130,568,758
'82a5f7fa02e7fabc.jpg',135,186,351,731
'28ca9d2f176da7b5.jpg',239,192,342,546
'0aee61e76d4cf3b5.jpg',310,72,529,428
'b1368a699c22d7d2.jpg',384,137,637,451
'71c64a4fa154c65c.jpg',395,118,542,339
'feba57063bb17e54.jpg',351,160,774,626
'e39a45143c2f1897.jpg',456,152,746,509
'acafdd96f3a12321.jpg',285,74,452,395
'1428c2584d0880b4.jpg',400,117,582,365
'769923e10f9da132.jpg',289,248,409,686
'a42619d78ea2eeb6.jpg',535,59,754,259
'e59672556211d464.jpg',230,36,443,354
'2f0b94e6d1c5e95e.jpg',290,158,480,511
'76bcc61d39b56c64.jpg',286,263,505,842
'1906031fc5dec225.jpg',286,65,680,408
'2ca3e844c9e68b58.jpg',391,170,613,589
'0be97b86c8baf73f.jpg',449,154,702,486
'78e6dc64c0b9038f.jpg',513,127,641,345
'815aaef2be2c258a.jpg',574,54,772,242
'54b76da9a1a6bb9b.jpg',332,168,676,616
'464a647165e84e1a.jpg',392,174,564,471
'c26901b23b18e791.jpg',485,119,638,362
'a0ff581255f8d5b7.jpg',349,120,494,341
'50f5b987332de9ae.jpg',399,155,653,481
'3a8cd44546241b0a.jpg',533,99,767,381
'c35a3a81497bbb70.jpg',285,149,538,635
'254d821065b674ef.jpg',265,84,447,448
'ff6110f246394e57.jpg',307,182,449,556
'8fe75d820f1ecb72.jpg',342,79,513,295
'a218198fc60d023f.jpg',359,94,853,540
'1ace59fa07cef07b.jpg',366,58,685,353
'd1f0118f75aa3ace.jpg',236,108,594,477
'24e95619b445cf77.jpg',492,104,707,360
'88fb6f9caeacb4aa.jpg',251,52,530,300
'6eff653272aa5874.jpg',451,61,674,280
'3ffbe603c34fba9e.jpg',391,231,560,642
'431fc1d9f23f7700.jpg',252,198,358,563
'775bc1b9a2566a22.jpg',454,136,648,407
'94263b10c6aba416.jpg',428,91,789,436
'01a105e0cd997b28.jpg',368,228,535,626
'129192d21dad76bc.jpg',246,207,345,572
'9215679d78a5604c.jpg',341,155,729,624
'12d1a716a6990ce0.jpg',142,76,452,381
'eab8cdae6be07c39.jpg',225,239,349,699
'cc0357bde2a8ef3c.jpg',268,213,418,639
'cc044124adb617d5.jpg',273,160,401,513
'704874b0909bf03e.jpg',430,140,601,400
'5b81a49d665136e2.jpg',440,89,728,407
'dc88447fd6224456.jpg',355,181,588,608
'ddd8150c4759f5f7.jpg',285,47,523,274
'1ffb5b8e0243b6ac.jpg',261,100,365,368
'97864db0d7d12ab5.jpg',378,123,547,365
'87875276cf2292e4.jpg',486,133,733,446
'ed8078ee1db84edd.jpg',443,157,621,442
'db1325781c00caea.jpg',226,78,429,460
'878f8c4247ffe850.jpg',458,149,622,411
'd2a8683008e374f7.jpg',197,152,412,699
'aff478e98b5ae145.jpg',381,125,540,375
'd3b07bc98ad02660.jpg',152,45,459,518
'1467d68c75854b88.jpg',389,207,561,564
'cb4ce27c7668a9b3.jpg',385,153,559,430
'6066c05b9817e7eb.jpg',351,191,532,595
'e81823739cdd320d.jpg',533,157,706,451
'cb5b7bbd85b19d92.jpg',463,94,710,364
'54119ddb50b45ede.jpg',267,132,474,591
'0705e96910fdec57.jpg',365,165,570,491
'6b6c69e7311a281a.jpg',394,163,514,523
'5270c9bbba5d21f6.jpg',263,107,450,364
'2529b38104507fd0.jpg',405,126,555,370
'f4cc9100e46e083b.jpg',302,81,522,327
'1fe1d6e0b83f7b5c.jpg',381,102,542,319
'c18e65a7a61da9af.jpg',401,138,556,385
'30d56d031b48161b.jpg',91,74,573,909
'18ed0229e31ccfa7.jpg',208,52,365,304
'3b2a680bc39fdf49.jpg',370,60,627,316
'88e63d58ad1285f5.jpg',394,166,554,457
'06504dd409b1edc6.jpg',418,96,705,394
'8a4ce9a6c8642c2f.jpg',250,134,394,495
'b7a6f4a3b8b13ddb.jpg',421,49,565,187
'9040ce6633421b65.jpg',441,96,751,409
'0873e0bfa9309e2f.jpg',46,74,379,608
'0e8f7b309e275c74.jpg',131,95,547,537
'2d7136b1604e7dc2.jpg',494,88,644,286
'01001bfe5b392d42.jpg',259,170,362,502
'27b2728b05fe8ee0.jpg',258,101,661,751
'7b03b3b73893b162.jpg',472,124,679,411
'5d099c4b9ba251b8.jpg',523,153,669,408
'6f7742eb702d5f2b.jpg',205,154,409,634
'd9408a96a1717b1c.jpg',246,103,585,735
'3e3b16ae6ed4b2b6.jpg',265,134,389,415
'87784e23de84e19e.jpg',218,115,615,663
'8cfdc2e76f56cb5e.jpg',402,112,742,454
'338ac960c03c9d01.jpg',239,240,340,652
'57b318666b788e9b.jpg',491,180,693,518
'b305e21e35a5bbd5.jpg',502,182,634,454
'aa1182591c22de42.jpg',443,150,639,506
'292f7124eb42e98a.jpg',541,123,731,357
'800c5ecfe9cede90.jpg',295,117,426,444
'2f48b18030c268c8.jpg',554,104,896,449
'7566d68e285b050f.jpg',250,85,811,594
'5828a9df7a037289.jpg',221,81,461,443
'cf5e88a6ab675de4.jpg',228,96,391,315
'41b8e0815c8d8e5f.jpg',237,123,393,491
'a863282e9e9df4d4.jpg',532,155,673,407
'66494bf8b96acadf.jpg',401,165,602,495
'65912a349c895655.jpg',355,34,539,280
'678c945bc98f6a36.jpg',317,307,529,907
'c0d93cfea3a8abd7.jpg',344,187,551,604
'54ee1150204be163.jpg',434,148,750,520
'2a9d70ceb1c8988d.jpg',251,154,399,429
'8972c358264b4f1e.jpg',177,84,591,708
'd3d0505afd1248f9.jpg',296,181,564,726
'37b7440ea2d415c1.jpg',309,80,581,353
'c8232b8322d4b372.jpg',529,199,727,553
'675c5ed2325d1ee6.jpg',410,106,587,355
'5271d857c8d8c0fe.jpg',443,117,594,340
'ca0970256afe5777.jpg',324,74,494,267
'e214b262a86e4d7d.jpg',389,117,534,320
'7bfcf3b53d64aeaf.jpg',423,163,583,438
'673e1777fbf5c70e.jpg',252,27,481,316
'4e170a8b71fa8c09.jpg',234,221,352,632
'920a75993d6cc929.jpg',377,180,767,676
'd5b41ab308e53674.jpg',356,157,696,671
'7a516036227a891c.jpg',403,88,722,428
'f4897ee913121ac4.jpg',392,180,557,492
'78f102578e2d0c21.jpg',345,131,485,372
'd026b2a3040c51b6.jpg',328,66,479,338
'c298ef4185c90c7a.jpg',208,115,636,808
'e9af13bd0d7369b4.jpg',349,148,541,433
'42f6325577afa116.jpg',377,141,532,385
'59b80f5524305da8.jpg',391,169,543,459
'91581e63e343cac9.jpg',431,216,602,569
'4582adff2c54f19b.jpg',70,56,604,970
'dfd014916077e7d3.jpg',410,150,559,405
'66963db53876be60.jpg',327,99,627,437
'e8bffe3bddc3023c.jpg',490,107,675,363
'bab2e4f125eae6f4.jpg',201,93,654,790
'3fc1261943da9ae6.jpg',214,79,567,627
'51aab61c7a776e3c.jpg',481,126,639,363
'3d9090fab4d4fd14.jpg',322,151,550,467
'48c4cd66b3586e0f.jpg',284,140,508,444
'50c2421fe6b40618.jpg',403,147,569,411
'29215976e47120fa.jpg',251,58,385,311
'405cc8ed60ce2cfa.jpg',315,168,489,612
'175d4423b0a9018c.jpg',227,119,518,452
'2bd82627a7540221.jpg',460,144,653,423
'f9297c9aa29ef085.jpg',488,153,639,412
'3441b63b3e196296.jpg',296,96,525,355
'7b74a8e33afc4fd6.jpg',210,115,318,400
'd6a6c339e88b2fb5.jpg',475,80,646,284
'ac6027b6cb11c7d6.jpg',359,99,519,292
'fbb1a1046734bab9.jpg',396,178,552,479
'40bd976596688a07.jpg',337,148,494,518
'841ec1a6f6f7b6e4.jpg',567,131,736,382
'98176caa7e9929f4.jpg',289,90,491,485
'6ba4fab0c500a116.jpg',493,179,638,459
'234e65dc37795eed.jpg',322,211,513,691
'7c7d40a41e2de7dc.jpg',289,109,394,388
'a83cd24174058c38.jpg',314,182,449,552
'48dabdd02233c185.jpg',260,139,385,475
'd36dc18c91f842c8.jpg',286,93,506,420
'66ced11c1b2959a5.jpg',252,170,385,539
'4b193306fe07d01f.jpg',427,131,641,439
'ae048ffe9d73e9cf.jpg',205,79,507,596
'06a3b72f9fc3e6d4.jpg',375,130,649,454
'31ab7ffff153fa3b.jpg',519,40,669,179
'f13ed51add5906dd.jpg',369,102,791,505
'7c833b8c43fd00a9.jpg',381,175,548,484
'ac3a265fcba80bf3.jpg',639,164,922,527
'331486cfbc6c9e46.jpg',194,127,823,947
'3815bf63e1e26748.jpg',162,96,531,498
'671433d7cf4b1506.jpg',434,109,637,360
'77a80265567f0243.jpg',115,56,827,633
'86e241e0bdb321cb.jpg',122,49,494,610
'6899023130312109.jpg',285,278,476,764
'75b77b47c3afb4eb.jpg',282,148,407,493
'8b9c71652566907d.jpg',338,171,570,631
'3ae8add9d8779169.jpg',375,115,583,394
'37b43fc83c84aeaa.jpg',378,120,663,442
'8490a918e6e17b25.jpg',284,62,786,469
'c2a35552014e2c31.jpg',402,136,783,530
'c605a809078b8261.jpg',484,172,732,606
'f5c0ab175c5df866.jpg',397,183,549,488
'457896168a3e2e07.jpg',321,81,503,433
'19f9378635fcc2b4.jpg',184,86,463,603
'50479ed436edd109.jpg',423,131,600,386
'ca4df6f727befc27.jpg',388,101,525,310
'7bdd070a360fe2aa.jpg',235,209,357,613
'260773804d844d53.jpg',369,165,533,460
'863a79ea22959b98.jpg',191,106,316,389
'26ebe841f8563ffc.jpg',435,148,620,441
'1096e6f6fd042a04.jpg',341,138,635,487
'9ecf4a7e79361a46.jpg',226,87,426,335
'55c77377bcd0c9a2.jpg',394,155,789,595
'80e64579a982751d.jpg',179,101,405,367
'17b18705a1d4550e.jpg',384,142,678,494
'a36aa820ec7ddca8.jpg',183,111,496,725
'320c5c1eda882373.jpg',435,128,631,393
'68e7836ff8435690.jpg',320,78,772,479
'27fdd615d4b35060.jpg',379,133,513,359
'b376e5ed68dbf2e4.jpg',378,157,540,436
'258d2147845ea898.jpg',132,244,369,839
'5182bbbfd928c8aa.jpg',188,76,853,639
'de60b8194c31c9b2.jpg',237,105,825,841
'f83e97271cc645ff.jpg',314,151,498,593
'fc08e97c94d97519.jpg',325,126,511,384
'7060576416ec2f15.jpg',369,276,665,875
'dbfe7ec141a416ca.jpg',344,85,836,520
'385e3b5c8cfc4a89.jpg',437,113,617,353
'ed69f2d08a81d891.jpg',278,183,429,573
'e51d85009fd9fa36.jpg',424,114,600,350
'ecee91193898df3c.jpg',380,134,559,523
'add2c93527509d0e.jpg',382,156,531,423
'9b80ad2ff31a3ce6.jpg',199,178,406,692
'fb6d894cb0e2d492.jpg',480,217,669,585
'cf8c474d72305ab8.jpg',352,64,641,351
'133fd710a999d941.jpg',440,246,606,666
'7b46b83c26b8acaa.jpg',336,146,585,641
'4a5077554dc3514c.jpg',417,89,566,283
'0d814d06d6948a20.jpg',528,134,712,415
'5ca28ad6d8610657.jpg',382,121,749,501
'6f03fee6866e54d2.jpg',444,63,608,317
'ed6618ba07333f19.jpg',310,225,424,605
'edee7084093cd461.jpg',174,25,464,421
'd21546581c9f1a21.jpg',275,181,388,520
'2f2b70f0411dade5.jpg',467,175,725,555
'6f84e086618ebf82.jpg',425,168,591,454
'bb85ab85d49a5ed0.jpg',136,74,423,595
'fc9689b0eeb3f54b.jpg',382,166,545,462
'e94e41288934592f.jpg',275,222,391,611
'1ef199b29956d816.jpg',433,41,654,238
'2da714cfb58b4c77.jpg',400,178,629,595
'098ca2302677fff6.jpg',350,82,502,391
'd11bb7617fcef5d5.jpg',113,54,556,763
'1bd1bb9442164e28.jpg',334,249,614,864
'828f265fc8d12c17.jpg',484,81,680,303
'3e9ee8a88cfc54b5.jpg',432,149,626,432
'0e345fa1d8292cbc.jpg',262,201,383,573
'0847cdfc227e1ab8.jpg',265,258,411,753
'2b196ce6440a60f3.jpg',347,111,600,423
'8589ca7fbe4e3260.jpg',335,131,450,416
'ef4e6fa0b7f6c51c.jpg',370,135,822,634
'58fde74b7e151435.jpg',603,105,918,434
'b49dd810602cdd98.jpg',351,155,519,445
'826626708fb88ac5.jpg',315,178,494,501
'78e5326ecda4454a.jpg',400,140,656,461
'ebd52793ca596d70.jpg',356,85,473,355
'51da567fe042dc78.jpg',401,169,585,485
'5e505ca46e4f358b.jpg',369,178,666,719
'9aaed4dae3c845bb.jpg',271,88,499,518
'93ea365711364678.jpg',488,104,701,378
'2b63cf2d4a5370a0.jpg',442,112,629,355
'bce6f2eff1510a08.jpg',716,95,922,339
'fe8f365fcab085f2.jpg',333,54,511,251
'09932d97367c7b76.jpg',286,231,405,631
'512fe6d15f854040.jpg',441,130,601,372
'581be6c08b9687e2.jpg',272,86,524,494
'de487063a6bb303d.jpg',354,288,483,752
'e158a964f26d8e78.jpg',232,132,482,665
'42d5d9ecc3c40a84.jpg',297,138,553,547
'70b00c168a80c146.jpg',337,103,792,571
'0a9ae8f9bf2f8b5c.jpg',228,118,352,431
'4be9ac90c4e98530.jpg',331,147,621,503
'278c213d8ce5acee.jpg',533,103,727,345
'a4a71757ecae6568.jpg',468,150,791,556
'1fe1c7f6f69e1278.jpg',548,133,698,387
'a959e65b99ea2629.jpg',458,179,696,528
'c4f8b868b70fdf24.jpg',574,209,717,527
'ee83b50bfb4722d8.jpg',305,208,422,600
'1403543246ecac63.jpg',421,176,595,476
'9dca7cd8b03a34a2.jpg',261,116,455,370
'dbdfb4c489bbfe0e.jpg',107,58,460,605
'7d325a5c43595c1f.jpg',497,186,654,495
'584d3b7110a8b865.jpg',290,72,431,355
'a7b33996c5ce7d98.jpg',370,220,489,628
'7675fe3db15d8ef5.jpg',344,109,542,357
'b505614ffbc96e8a.jpg',318,66,452,329
'92e9c1bae73ae70b.jpg',387,326,600,885
'7ed733d918e33918.jpg',373,118,875,607
'644664a495c48bc8.jpg',507,54,726,256
'296b6b729897f352.jpg',330,107,709,516
'ac37a7b2f711272f.jpg',324,85,465,388
'7601d1cef6ae3b4c.jpg',276,149,411,496
'936251c48d8be3f7.jpg',182,100,326,428
'c68a9639f02dff6d.jpg',143,37,538,617
'211af4e4f094e19e.jpg',642,121,872,428
'6b5c70b714f43f1e.jpg',485,142,648,397
'5afd14f8fd394547.jpg',280,230,427,695
'3a5f0c7ddc6bdbe9.jpg',354,154,504,416
'd4e53dc3ce5fcc4a.jpg',126,65,611,588
'891a0ee554f3b1ac.jpg',325,203,560,659
'1e6579d313b3b434.jpg',351,92,733,455
'3dfbd51d2fc4f887.jpg',221,195,440,707
'82562644357ac3c9.jpg',285,170,384,488
'a9a3415ebf9595fa.jpg',259,181,377,547
'c9ce186ad46fdbcf.jpg',363,125,585,563
'be68b0fd49aba455.jpg',468,206,641,548
'858324e18e3720aa.jpg',336,116,477,326
'6e498b9f888ccd93.jpg',247,38,335,202
'c5925c15f2b97938.jpg',387,123,559,369
'949e5489ff32ae6b.jpg',366,215,523,597
'9ad4a9bccaecc0c8.jpg',182,93,402,364
'5e58e57b93dbc5f5.jpg',425,154,682,490
'a5b2f3f9c37ece84.jpg',256,43,533,269
'1d777a1abd1029c0.jpg',580,203,731,524
'0bb621ebf775cb91.jpg',341,43,497,295
'55c74cf239447f34.jpg',302,254,419,674
'ad5c6652f27d7ae4.jpg',275,183,458,656
'aa9fe51b9c4877a7.jpg',458,99,722,451
'e34cc5e01e46bbee.jpg',449,280,687,815
'9144c519876ab4e3.jpg',408,122,813,533
'84e14eeee1436042.jpg',417,154,583,426
'bd211d5668259050.jpg',297,60,461,341
'd1d91cea3c874b99.jpg',230,202,355,604
'6096f20a7c3b9471.jpg',210,173,373,580
'950637aeb882bc68.jpg',118,47,453,537
'15d472b07a66c7bf.jpg',315,165,421,497
'4e0b4bc01122758f.jpg',336,108,565,379
'ba67317a5dac7371.jpg',305,146,543,465
'cd825144789f9e99.jpg',423,94,642,363
'049f8dff14552fa9.jpg',68,83,531,930
'9559eac099cb6624.jpg',440,204,636,549
'5e43e4c4288403dc.jpg',283,93,551,373
'b98941651fef162f.jpg',288,123,619,713
'b0c4ccd19b83f4c6.jpg',349,84,605,348
'7f8a7fb733b56909.jpg',556,182,732,486
'e63755af6c2980d7.jpg',487,120,844,501
'a20c765d157afcb8.jpg',126,15,223,236
'd7557223d98edd34.jpg',433,32,613,177
'e2f4bdbe86d7168f.jpg',490,180,679,509
'7884b13b259e64d2.jpg',193,120,393,525
'dba761eb4713bc16.jpg',224,67,449,462
'25788a795ba0d072.jpg',531,212,706,618
'2240f378b0f63551.jpg',495,36,690,194
'dcef312b17e9c16b.jpg',448,67,658,340
'6473333ea24d81e6.jpg',460,206,899,878
'cb1df37cabaa85fd.jpg',254,117,481,399
'f570b76c57ad0875.jpg',448,146,623,414
'cf03aa22f1c1235a.jpg',240,42,386,265
'26c62c9a9749a6b5.jpg',390,300,565,821
'd55ab8937fa2daf0.jpg',290,90,412,384
'6f1b7b173e937e83.jpg',243,211,352,596
'181c2bf0e3b8ea53.jpg',411,210,679,616
'e134c2ab95989a57.jpg',424,125,575,354
'bac42ed56a57b4bf.jpg',312,225,439,626
'be5256b6839fe6e5.jpg',395,102,678,428
'7f3c0b53a30f9ad0.jpg',460,104,622,324
'4bb95d4c6c4cba8c.jpg',109,93,630,955
'597cb0784986612d.jpg',309,207,503,639
'3099fc6473713c03.jpg',314,90,439,268
'd240a9ede793a57a.jpg',217,191,469,749
'61de4dade9491b33.jpg',365,162,526,493
'2d78fd6d82bfd504.jpg',388,118,621,401
'd6620dc0804e3723.jpg',307,208,426,581
'7fa374eb0e7db6e6.jpg',328,131,594,637
'a2f4944d9a7f1ce4.jpg',388,143,814,592
'c10973e5b73beec4.jpg',378,237,542,649
'79afdca535dc003b.jpg',236,73,441,450
'b6686953c0e8d2ea.jpg',186,74,351,282
'49729cbe3dd30f61.jpg',173,99,445,397
'46e17eede1054280.jpg',321,75,442,356
'111ab53f870ca58d.jpg',396,99,664,410
'8b4219e90be77c79.jpg',354,124,520,365
'98b9c5c29ed9a8ef.jpg',270,101,426,470
'af344dfb0558deb9.jpg',326,87,714,451
'ba29e8c06883d50f.jpg',268,115,535,606
'26dc6885458ea1f2.jpg',251,200,345,570
'6cb3dff2c5aa9176.jpg',423,171,653,506
'75efa0c97b3f3763.jpg',233,220,332,609
'4bc2f010480bd080.jpg',109,74,561,852
'c6f6f27c909a6a5f.jpg',145,135,575,982
'3b34e7ea85cf0867.jpg',179,93,294,440
'1887c45954701b6e.jpg',566,91,725,299
'd65cd2c70eb78fbc.jpg',517,142,720,425
'3c556803a964672a.jpg',324,108,453,306
'05b9c0f137e6173d.jpg',456,119,671,389
'af2c1f8d2a0c50ea.jpg',169,116,499,771
'2f6237bc3de0ce14.jpg',211,94,588,708
'6b751847ed37e915.jpg',612,124,815,393
'12a6c1ec223e171b.jpg',308,78,508,448
'af6b5cdd285423fd.jpg',247,121,539,657
'1e3373d580c81395.jpg',216,45,601,378
'e760749a167301ce.jpg',431,96,631,333
'889c880b503e4ade.jpg',282,213,571,890
'd391564bf4799a74.jpg',161,130,495,510
'432d05fcf5841a2f.jpg',642,57,835,245
'92dee987c6d0ab9e.jpg',271,58,412,216
'b7e1e8882c709280.jpg',331,169,517,598
'7e0a05466363bcca.jpg',302,110,515,548
'95b724801e24ad42.jpg',281,42,464,339
'd918b1a27864dde3.jpg',200,159,417,668
'a622c865f538b1cb.jpg',183,95,605,812
'209d5baabd1d23e0.jpg',542,96,748,360
'88c8ace589279dbe.jpg',227,83,484,373
'70d1cdd4f8ddcd87.jpg',435,164,648,480
'4d6e6298788e7280.jpg',428,64,704,337
'775aafa3548dfc7e.jpg',460,144,651,420
'c273702e4a413df9.jpg',329,197,525,654
'27497f21bfb80f06.jpg',293,89,781,572
'1372bfa96fd9f37b.jpg',489,199,640,511
'6f50872263d68eb3.jpg',278,177,399,518
'7c2c299b5afb46b6.jpg',233,72,407,268
'6825e85822c09b18.jpg',607,231,812,606
'f6a85f7ce18524ec.jpg',346,55,480,299
'8c3df8a2d7247641.jpg',323,255,479,732
'65242b6cb4d02b0c.jpg',445,133,643,405
'325630efdf5048b1.jpg',416,104,582,309
'1727b83f56fd4f67.jpg',269,98,491,529
'7d398f8acf809bf7.jpg',266,39,509,397
'0ea5e0b4c5a9c42a.jpg',459,120,647,350
'51e9d4fd01d4d917.jpg',485,210,755,635
'6dc2cc352b7b649c.jpg',198,122,801,908
'bfb574759ffd4787.jpg',298,143,544,485
'2962b320b6259fbe.jpg',334,128,490,368
'ee399256b0b6fead.jpg',270,207,383,574
'9f653e0528e858d3.jpg',429,189,712,606
'bb3c2b221a9d8c27.jpg',391,39,629,232
'4657ba4bc97aa09c.jpg',497,168,698,548
'03b9b2c1f32493ea.jpg',464,118,780,458
'76536a443350c15f.jpg',326,111,519,495
'686aeef01ba11aa0.jpg',307,111,467,325
'a297efe3533246e4.jpg',113,49,726,899
'c570e05c73709599.jpg',341,145,556,445
'1f4fde05f795b3dc.jpg',495,64,682,275
'd79b5c35c7d3d9aa.jpg',285,229,573,874
'9299e0011915ce86.jpg',539,103,713,331
'70330c7a2eb6fec9.jpg',399,179,563,489
'c168a3f3826dda44.jpg',426,244,778,865
'd0d51ad1fc08cc49.jpg',273,147,430,543
'd0b41e81c0760681.jpg',283,104,688,642
'643478085d661867.jpg',452,154,607,415
'c837bdd3058923c4.jpg',207,97,291,329
'68ac9a5873449de5.jpg',242,101,501,559
'3707e01251b428c3.jpg',306,171,417,486
'ed28e1e92f1321f7.jpg',423,113,568,328
'289bd5ca42b63c2d.jpg',556,204,714,517
'd85113a1a507e7b2.jpg',507,30,793,229
'7da38b72dd922cd8.jpg',450,188,663,562
'17868c7559926c08.jpg',354,224,510,662
'9a09858257c6bad0.jpg',373,156,537,440
'7e13345845b16b68.jpg',481,130,661,388
'ee08268192416d33.jpg',374,42,648,279
'ffa8b49252b089a0.jpg',343,51,550,366
'd4f081040e280d43.jpg',306,79,404,215
'cc640f001141d5cc.jpg',231,116,467,566
'4f6c162f32994830.jpg',403,132,579,369
'98d18acc964e7474.jpg',188,184,366,656
'4ec435b8f49d36c1.jpg',385,145,756,558
'd5d87cf03436ba9e.jpg',298,80,467,277
'3ba455c4069a2f60.jpg',143,73,541,750
'7edb2ec2a3c793bf.jpg',415,89,625,345
'26ec08977c9c80a5.jpg',342,62,538,371
'837ed11d5fb464e1.jpg',178,148,496,831
'a95cc038f749d780.jpg',331,110,553,532
'07390630efc3c87c.jpg',279,257,453,772
'59800259de1fd34d.jpg',425,156,579,419
'834df1846eb49b81.jpg',182,73,307,362
'1f38a0069a780083.jpg',401,261,590,757
'0097fb7387049d8b.jpg',485,113,744,410
'd3fc6c21a77caad8.jpg',341,127,550,405
'bc37ac823dfe43c7.jpg',295,230,417,629
'886f974f99e01182.jpg',450,94,740,418
'5b1cbb9efe65f9b8.jpg',422,140,576,371
'5bd8aa9cf541e0c9.jpg',420,118,820,554
'4e5ae76deb853d25.jpg',432,129,588,365
'4dbe7a6b35ef2cbd.jpg',303,76,549,471
'4f035ddb86061a94.jpg',264,200,418,646
'51dc26c95ecca152.jpg',303,225,422,637
'4daf17c8cbabd6f6.jpg',429,133,680,462
'cbe8e01c341eb323.jpg',478,201,654,578
'c135a3484f7d658d.jpg',402,204,574,589
'4ebec586815e6bc3.jpg',87,166,306,766
'000cc0cd61c6c8d7.jpg',302,171,454,581
'bc21fc08282690e3.jpg',353,137,590,593
'6a7becc1d2347eb9.jpg',168,91,294,381
'ca01d035f827d2cc.jpg',158,63,530,669
'b2264bac940f825e.jpg',385,59,882,438
'45d2f1424c740d0c.jpg',378,181,581,526
'a8128999f2d4d255.jpg',312,132,504,419
'34f52f92d41238b7.jpg',327,49,542,318
'be82ba493ee200d5.jpg',646,261,899,787
'dec135e538368ff7.jpg',323,77,825,510
'387e05a9e6714766.jpg',213,66,610,649
'a43ebcb51dc56b81.jpg',422,171,534,504
'4f74432b23852825.jpg',409,163,588,467
'9e6f7e0f4eff4648.jpg',462,144,932,782
'2d48fda0f2af9f3b.jpg',277,210,479,742
'2d89e72ba55de898.jpg',429,135,582,360
'b18d582ac8eacfa8.jpg',544,98,688,320
'007e2d0680208072.jpg',529,145,692,403
'07e7da610a395c17.jpg',142,71,486,678
'4067ace38bf1c3c7.jpg',259,113,440,523
'b1a46532a42d8159.jpg',544,121,716,452
'3c28ef6e9b63a127.jpg',572,97,748,323
'fe4034efbe53c538.jpg',391,193,757,652
'd62a101351615120.jpg',239,177,423,646
'71e523bc679704ee.jpg',328,140,524,568
'7baff3e14c1a3081.jpg',281,85,392,351
'360eb525520851e6.jpg',421,66,574,322
'68f74b6b11f4adf8.jpg',229,100,390,427
'07af3013279aab3b.jpg',399,200,586,550
'b65693c93a48ad9e.jpg',283,195,468,651
'7fc8ff45df30751c.jpg',223,55,375,332
'f63838930fad3fbd.jpg',270,62,492,434
'af74eb917912723a.jpg',471,233,676,680
'9982d09720406cd8.jpg',314,111,462,434
'346a288684bb3c40.jpg',548,58,784,298
'6382b64f598eed48.jpg',323,63,555,302
'f7341b8b9ad08229.jpg',454,240,633,668
'04c21aaeb77d3b63.jpg',170,106,284,391
'294c4dc7587d1d77.jpg',522,83,716,305
'0ead0d4907a8beb6.jpg',216,26,470,376
'b16e227e20f97a6d.jpg',246,137,544,493
'3310c76c49c80a79.jpg',324,106,610,417
'f4bf9c4f92495acc.jpg',334,173,532,507
'1b4c875b75301d13.jpg',486,98,665,324
'64066d2c139c800c.jpg',293,228,416,625
'221e69ce82890d2e.jpg',448,140,623,417
'62f90cc2cd18c249.jpg',257,133,517,678
'78189248f165b9dd.jpg',502,142,647,385
'679a4452db1e46e7.jpg',416,139,619,437
'6eb08d5a7757fb04.jpg',548,62,707,240
'1a74b2bd41446529.jpg',198,147,615,605
'd6a952da8ce12911.jpg',253,60,515,486
'33f316a2e36c8eb5.jpg',475,178,633,479
'3c5b9dd1a0fbe41d.jpg',347,131,705,548
'c8c176bccf323bda.jpg',323,194,471,570
'f1cafd8a74f31612.jpg',104,108,435,496
'7d90c707d56b7bed.jpg',421,156,590,429
'2f2e542ea31fded5.jpg',461,86,626,290
'db73a42e5f6a80d1.jpg',382,228,548,631
'd76ca47031682735.jpg',406,92,546,295
'07e366d2defc52e2.jpg',444,140,747,482
'7708a5df47894e28.jpg',323,168,503,481
'bb4d73be83af96a5.jpg',240,53,340,255
'834608de2a65c988.jpg',182,240,345,721
'e7cfc5a73c4fe28d.jpg',290,111,531,393
'd5159b93944207a0.jpg',121,67,564,808
'54fbaf81f8d12666.jpg',422,85,608,303
'add6a73aac1ce408.jpg',289,182,473,561
'a6e2241176618388.jpg',436,62,797,365
'3b8876894eea035a.jpg',587,127,747,387
'8eea1645162684d5.jpg',396,79,689,365
'70d41b9ac838e4c8.jpg',341,101,687,479
'eb0003f831bcdc64.jpg',336,64,598,332
'2dd2075725815f81.jpg',308,117,538,577
'a435dc345d6da3f9.jpg',415,60,631,329
'56809bb0d615a482.jpg',325,135,487,385
'294d471b0e68331d.jpg',401,147,548,414
'090e4985928f82aa.jpg',316,155,506,594
'6ca842f03ae472af.jpg',376,230,466,633
'c3b6c92150a7cb15.jpg',461,55,714,343
'864ded0f3ada47e5.jpg',273,108,459,512
'1609c9413e120812.jpg',500,90,878,474
'14c862f07ca54811.jpg',205,73,510,589
'86811b167c6fb5ae.jpg',383,152,533,410
'aa1c04b69629fc4d.jpg',366,202,535,583
'7a2b01b452bdb117.jpg',499,158,638,465
'61bac538d49fc712.jpg',281,111,402,395
'bc371a227ff5f62d.jpg',458,90,652,387
'9608b532d9daeb51.jpg',417,160,597,449
'eb8dc6fe009b49ce.jpg',209,41,432,354
'6679050fabc6df58.jpg',465,133,698,511
'bd955d1d8bf50b5c.jpg',263,50,462,240
'c2ac8ee3d6d4b5ff.jpg',120,108,580,909
'452e96badc730449.jpg',431,141,662,466
'7ec28e6595090c47.jpg',290,95,456,331
'16550766a07ba0f3.jpg',366,204,674,804
'7155bc4439322ac8.jpg',402,153,560,414
'5f208999d992a82a.jpg',355,239,523,741
'fd71b56ac13167c0.jpg',389,83,934,684
'9f5d9500608f4bab.jpg',328,99,575,389
'8789006dcd2c39fa.jpg',236,46,492,438
'3bc57a93178fddaa.jpg',398,185,573,504
'ae63f716d7c3ba72.jpg',290,195,512,553
'd929b3d0030a575c.jpg',175,139,385,433
'9feaa97f0a92eef6.jpg',227,84,455,512
'82df858c9a5e31f7.jpg',304,103,472,340
'1e63efeb9094cb0d.jpg',378,102,494,325
'2699350613a915b6.jpg',322,119,482,365
'33b5df84041fd9ee.jpg',363,111,549,368
'addf6d32d42b9552.jpg',346,187,578,700
'a02ad1be7ea32ddc.jpg',346,84,879,547
'8b3eae517ddb3b26.jpg',168,111,451,456
'b904343cf49f3461.jpg',392,232,657,657
'188c72ac3cf5be5a.jpg',335,100,474,349
'b2e67dabe81635fb.jpg',242,168,378,553
'6c1e8eee88eb0c2d.jpg',447,115,679,393
'fc0122d0e2743f26.jpg',392,104,596,352
'f62ce7727000a6f7.jpg',275,195,520,703
'550ddc6c19ed2e47.jpg',323,35,518,224
'd15702f4891d539b.jpg',260,72,566,576
'56d7f7a9bd219736.jpg',360,150,521,428
'ce765045a3bba449.jpg',199,236,374,679
'4b7f86d41e6d9b15.jpg',353,172,579,527
'8f8a486bbef469f9.jpg',98,46,364,454
'26513a0d0e6fd2b6.jpg',349,140,533,392
'bf4405d21e51888c.jpg',365,89,512,401
'a9ff73d707387d97.jpg',371,69,595,298
'dfe6bbd8c09d7678.jpg',306,48,490,273
'25bafdf24f4bf948.jpg',563,146,748,439
'15dcd8bd5f87f58a.jpg',267,176,372,516
'591e2898709f0ae5.jpg',361,114,465,381
'fdf92b7f052a5809.jpg',618,70,826,289
'302c446b411d8036.jpg',490,124,662,368
'2e8dbc4b610a2ab4.jpg',396,122,564,376
'cb7d9623640a3c86.jpg',461,91,720,365
'e73053a99b33fa3c.jpg',327,192,670,770
'187ae315d9ad73b4.jpg',314,309,443,824
'ae211106495fc39f.jpg',448,129,602,379
'681db1ac4003bea3.jpg',209,50,632,506
'6b7116b4474c91fc.jpg',322,44,499,323
'4d9c630bed5bde82.jpg',219,140,374,526
'43aa34d76f549235.jpg',355,160,537,450
'eb0dd6b7c5ce9b6c.jpg',114,73,463,696
'0c7c395d73592d1e.jpg',403,148,572,416
'37c51177828aee91.jpg',401,184,551,495
'64c5b29bdbd851d6.jpg',356,143,515,400
'eb00e4441d6a1da6.jpg',436,145,663,466
'5f46080d7efe4b93.jpg',334,137,489,493
'51ac55edf3769f31.jpg',692,121,850,358
'a7b8923341d1ccce.jpg',110,78,510,768
'56402ffffc18f526.jpg',283,173,450,493
'34e04b96554f2c12.jpg',235,166,337,494
'668cf90f0db00d9a.jpg',564,141,762,422
'22f5e08c039bef8e.jpg',252,218,356,630
'16b41120e06187a0.jpg',322,139,686,542
'a795dfea50ab1fcd.jpg',164,84,416,620
'af46347ac19643e6.jpg',327,172,418,477
'd3d33f5078662172.jpg',510,150,719,445
'63f40a12039687e5.jpg',481,145,627,391
'75c2ab9c5a804aef.jpg',321,187,461,569
'2f3e381fb6dbe4f3.jpg',369,165,521,452
'3c83761f36944184.jpg',524,100,860,498
'134c155ba2572eac.jpg',393,91,688,401
'5690d2f757788913.jpg',332,263,471,723
'18e886a64da7373a.jpg',315,122,605,453
'01434c748b9d4c34.jpg',291,192,414,574
'0199bbd8f37992b9.jpg',368,84,601,490
'ab28bc8a47aa5524.jpg',235,215,469,824
'a78cc142775a8b5c.jpg',282,83,564,366
'1784e218767a84b1.jpg',326,87,420,345
'7afe6209ff76dcb0.jpg',267,41,429,300
'882836f423f9d1d6.jpg',357,140,530,458
'5c1b8e7ed4406c9f.jpg',216,131,379,521
'90c624c2d102b384.jpg',424,181,643,519
'cfe88ba3c3b0619e.jpg',408,111,590,366
'f17066ce190b9b60.jpg',258,210,365,589
'7a5e34c3370b6e18.jpg',386,117,616,396
'e25051384334e366.jpg',482,82,900,477
'b52653561e868640.jpg',381,158,544,487
'55e361bdae73b1fb.jpg',367,145,513,377
'0f214dc4d972783e.jpg',427,141,612,413
'8261534b6ef74a00.jpg',243,145,410,537
'bc23c33c445e0ad1.jpg',398,164,579,527
'2689e07d9c07eb9e.jpg',474,148,646,420
'64624648369f16f3.jpg',497,91,693,322
'580789f83fb3daee.jpg',218,160,773,919
'9cc905c44e6ad187.jpg',416,205,841,864
'f630e1ca9d86ae49.jpg',240,122,514,677
'589e105997d3d840.jpg',256,199,357,556
'5122d852c2853ec4.jpg',318,145,425,461
'e0bff74b4ed6f741.jpg',291,101,533,537
'25b5366fd785c405.jpg',416,46,643,241
'fde1a85f55f007ca.jpg',376,148,551,435
'f746c88976dc38fa.jpg',371,136,567,411
'9cd3671039b8579c.jpg',196,66,427,346
'3ec46a448c4cedd9.jpg',187,94,466,627
'dca80af08079720e.jpg',395,121,642,417
'a75e0c4001dc49b1.jpg',400,153,780,611
'd84971bcd872e567.jpg',234,141,429,424
'9dae68e6b4fc7ce7.jpg',334,86,473,270
'ae6cd512507dee82.jpg',436,69,739,351
'3bfdad925d0e7517.jpg',191,67,514,356
'5043902e9c4d9bee.jpg',379,160,539,438
'90f3f2c9d67b2a1d.jpg',313,115,456,347
'694bbcaa188e160b.jpg',263,86,596,523
'b4e3f6b0bf2d6869.jpg',371,128,516,357
'9a064455665ff4b2.jpg',357,49,512,210
'e5247f7f2f25efcf.jpg',372,117,540,413
'3958af9b704ddee7.jpg',359,170,531,478
'e0191ee5cfc544dc.jpg',195,35,395,162
'3ecd9063e1e226ef.jpg',239,79,426,442
'a54f9b47b66aee29.jpg',481,102,759,399
'6677a18c1840130c.jpg',400,45,630,241
'0987499205524de9.jpg',598,55,780,237
'2b29b0237fb48e9e.jpg',247,49,377,283
'fa6a4071a895abf1.jpg',383,231,539,629
'4c6670141fecb75e.jpg',281,160,667,603
'8eafbea85b09e07d.jpg',545,118,691,355
'581ffe70b66b96ca.jpg',212,116,336,427
'6f1be91544909527.jpg',268,162,425,591
'0709b12343ba67b3.jpg',269,72,412,342
'e09f4533f19846d0.jpg',236,122,334,398
'839efdf9a32c4ebf.jpg',455,101,819,458
'd6723bd8d227a966.jpg',342,118,620,459
'ebb6f92d1a2222e2.jpg',342,78,883,574
'8334f033265d0554.jpg',151,72,517,687
'35dbe8cbc32a7dd1.jpg',384,236,588,689
'69a665bbfbeddcd0.jpg',374,153,503,491
'cdb2cf4bd0feac3b.jpg',343,114,575,392
'46a7710532f50c00.jpg',285,177,557,739
'85916feb1f6dd6f4.jpg',212,65,353,375
'f4b6ca1ff515142b.jpg',373,174,632,538
'f5998a8639dcd065.jpg',428,167,602,455
'cdbe63070ec3bfd9.jpg',359,147,557,437
'414d6ff4dc531fc7.jpg',377,100,670,408
'33c1f1e36bdb2d70.jpg',362,145,541,418
'ac528dc221cec825.jpg',138,91,304,426
'1d6ab0c7f3def16b.jpg',175,87,398,336
'12d92c1569dbe9c5.jpg',279,171,480,654
'a87b4ba17062d2a2.jpg',428,176,633,515
'1d713f76ada967e1.jpg',254,209,385,627
'b7f11b9bdbb01362.jpg',394,131,651,561
'38cf871e297fcddd.jpg',380,124,533,368
'b24d468609111c7c.jpg',421,139,619,435
'4d7ec47f7c2785c8.jpg',293,58,458,331
'5f8977ef2189217b.jpg',437,172,628,544
'3befcd1982f0a04a.jpg',309,55,481,349
'7ba00fd8f04ea0a8.jpg',238,39,388,284
'fffc367ed76f4765.jpg',199,60,357,335
'8a222436040e0c1a.jpg',259,101,453,509
'50d42534f7349295.jpg',507,164,761,506
'29a5d345b46c5714.jpg',267,127,398,460
'8db83b4d4b5e40c9.jpg',364,140,589,441
'd7a3046f833143fa.jpg',418,143,664,480
'2727e345bac2105b.jpg',250,75,468,304
'b4b2727a8e3e878f.jpg',379,38,609,223
'c547ebd7c61758f1.jpg',222,65,494,481
'1ab424a072664776.jpg',198,175,470,794
'd64abd36782af35d.jpg',179,92,419,357
'3b6098906cc60344.jpg',444,138,650,439
'3ae626396ceb70b5.jpg',342,130,744,596
'8c79229746de1071.jpg',336,162,478,438
'509fb8db27dd9537.jpg',262,141,402,465
'cda0f91b0025f914.jpg',331,150,470,399
'091df0028684f002.jpg',348,126,509,378
'c9ce2f1ffb948780.jpg',273,209,381,588
'8b3cce77fba0b8c5.jpg',282,77,685,592
'c155d0c4894a6480.jpg',139,76,344,320
'b4376558d4bccacb.jpg',546,145,704,401
'15f88e9e2ecf3af4.jpg',348,100,599,526
'eaff463528045d7e.jpg',573,97,775,358
'2fd1e17695d6da99.jpg',430,174,705,566
'6e7078d1ca94235b.jpg',335,109,554,529
'2cc9a43527ddde6b.jpg',402,68,763,405
'37a5bdf56ed8473a.jpg',382,154,661,508
'76dedea1ee4a63c2.jpg',344,68,537,273
'807fbdbc6b0fb89f.jpg',438,114,574,323
'4367c9a97275fba2.jpg',427,95,612,320
'3aa538300ad6a33b.jpg',298,130,463,433
'44755ee15967e696.jpg',223,129,412,395
'ec9b5afa9aa0234f.jpg',283,132,537,442
'e58c27feb6b203a3.jpg',216,150,637,650
'47906dba3dbb4034.jpg',240,144,427,596
'00e64d002478816c.jpg',609,238,766,598
'8ac431f568fc5228.jpg',292,110,507,523
'd2f8048d74104f6c.jpg',410,69,798,427
'c30730eead6b1d41.jpg',333,139,506,402
'6e027309a8fda021.jpg',561,109,711,329
'713089ce8e4484a0.jpg',237,60,397,232
'32212f1e06265f31.jpg',390,119,762,525
'cee758820d86af3b.jpg',253,253,497,775
'a02b492ba1dc28de.jpg',362,111,515,313
'74f808229548b347.jpg',238,50,399,328
'2179393c7eef96f0.jpg',353,94,702,545
'f68472f901de3c29.jpg',262,109,382,385
'ff5881c59a17aa5a.jpg',475,101,700,352
'3a8bd02dc6294dd4.jpg',653,175,793,441
'f3125123d5525622.jpg',402,99,600,314
'd135a8163d72884c.jpg',374,291,587,883
'32933c2bd517f182.jpg',454,187,604,492
'075601cd61ea9333.jpg',505,318,824,976
